[
  {"id":1,"name":"Aceh"},
  {"id":2,"name":"Sumatera Utara"},
  {"id":3,"name":"Sumatera Barat"},
  {"id":4,"name":"Riau"},
  {"id":5,"name":"Jambi"},
  {"id":6,"name":"Sumatera Selatan"},
  {"id":7,"name":"Bengkulu"},
  {"id":8,"name":"Lampung"},
  {"id":9,"name":"Bangka Belitung"},
  {"id":10,"name":"Riau Kepulauan"},
  {"id":11,"name":"Banten"},
  {"id":12,"name":"DKI Jakarta"},
  {"id":13,"name":"Jawa Barat"},
  {"id":14,"name":"Jawa Tengah"},
  {"id":15,"name":"DI Yogyakarta"},
  {"id":16,"name":"Jawa Timur"},
  {"id":17,"name":"Bali"},
  {"id":18,"name":"Nusa Tenggara Barat"},
  {"id":19,"name":"Nusa Tenggara Timur"},
  {"id":20,"name":"Kalimantan Barat"},
  {"id":21,"name":"Kalimantan Tengah"},
  {"id":22,"name":"Kalimantan Selatan"},
  {"id":23,"name":"Kalimantan Timur"},
  {"id":24,"name":"Kalimantan Utara"},
  {"id":25,"name":"Sulawesi Utara"},
  {"id":26,"name":"Gorontalo"},
  {"id":27,"name":"Sulawesi Tengah"},
  {"id":28,"name":"Sulawesi Selatan"},
  {"id":29,"name":"Sulawesi Tenggara"},
  {"id":30,"name":"Sulawesi Barat"},
  {"id":31,"name":"Maluku"},
  {"id":32,"name":"Maluku Utara"},
  {"id":33,"name":"Papua"},
  {"id":34,"name":"Papua Barat"},
  {"id":35,"name":"Papua Pegunungan"},
  {"id":36,"name":"Papua Selatan"},
  {"id":37,"name":"Papua Tengah"},
  {"id":38,"name":"Papua Barat Daya"}
]
